,code,full_label,Value,Label,Frequency,Percent
0,CASEID,CASE IDENTIFICATION NUMBER,,,,
0,DISYR,YEAR OF DISCHARGE,2015,2015,"1,420,316",100%
0,AGE,AGE (RECODED),1,14-Dec,"10,835",0.80%
1,AGE,AGE (RECODED),2,15-17,"55,232",3.90%
2,AGE,AGE (RECODED),3,18-20,"60,619",4.30%
3,AGE,AGE (RECODED),4,21-24,"162,474",11.40%
4,AGE,AGE (RECODED),5,25-29,"251,675",17.70%
5,AGE,AGE (RECODED),6,30-34,"222,203",15.60%
6,AGE,AGE (RECODED),7,35-39,"161,984",11.40%
7,AGE,AGE (RECODED),8,40-44,"129,599",9.10%
8,AGE,AGE (RECODED),9,45-49,"131,549",9.30%
9,AGE,AGE (RECODED),10,50-54,"119,543",8.40%
10,AGE,AGE (RECODED),11,55-64,"101,354",7.10%
11,AGE,AGE (RECODED),12,65 and older,"13,249",0.90%
0,GENDER,SEX,1,MALE,"934,420",65.80%
1,GENDER,SEX,2,FEMALE,"485,542",34.20%
2,GENDER,SEX,-9,MISSING/UNKNOWN/NOT COLLECTED/INVALID,354,0.00%
0,RACE,RACE,1,"ALASKA NATIVE (ALEUT, ESKIMO, INDIAN)","3,581",0.30%
1,RACE,RACE,2,AMERICAN INDIAN (OTHER THAN ALASKA NATIVE),"32,969",2.30%
2,RACE,RACE,3,ASIAN OR PACIFIC ISLANDER,"1,879",0.10%
3,RACE,RACE,4,BLACK OR AFRICAN AMERICAN,"240,059",16.90%
4,RACE,RACE,5,WHITE,"945,227",66.60%
5,RACE,RACE,6,ASIAN,"9,830",0.70%
6,RACE,RACE,7,OTHER SINGLE RACE,"126,825",8.90%
7,RACE,RACE,8,TWO OR MORE RACES,"27,243",1.90%
8,RACE,RACE,9,NATIVE HAWAIIAN OR OTHER PACIFIC ISLANDER,"8,759",0.60%
9,RACE,RACE,9,MISSING/UNKNOWN/NOT COLLECTED/INVALID,"23,9",441.70%
0,MARSTAT,MARITAL STATUS,1,NEVER MARRIED,"716,731",50.50%
1,MARSTAT,MARITAL STATUS,2,NOW MARRIED,"149,026",10.50%
2,MARSTAT,MARITAL STATUS,3,SEPARATED,"63,467",4.50%
3,MARSTAT,MARITAL STATUS,4,"DIVORCED, WIDOWED","168,817",11.90%
4,MARSTAT,MARITAL STATUS,-9,MISSING/UNKNOWN/NOT COLLECTED/INVALID,"322,275",22.70%
0,EDUC,EDUCATION,1,8 YEARS OR LESS,"99,316",7.00%
1,EDUC,EDUCATION,2,11-Sep,"319,974",22.50%
2,EDUC,EDUCATION,3,12 (GED),"599,173",42.20%
3,EDUC,EDUCATION,4,13-15,"260,562",18.30%
4,EDUC,EDUCATION,5,16 OR MORE,"79,830",5.60%
5,EDUC,EDUCATION,-9,MISSING/UNKNOWN/NOT COLLECTED/INVALID,"61,461",4.30%
0,EMPLOY,EMPLOYMENT STATUS AT ADMISSION,1,FULL TIME,"213,777",15.10%
1,EMPLOY,EMPLOYMENT STATUS AT ADMISSION,2,PART TIME,"101,936",7.20%
2,EMPLOY,EMPLOYMENT STATUS AT ADMISSION,3,UNEMPLOYED,"514,531",36.20%
3,EMPLOY,EMPLOYMENT STATUS AT ADMISSION,4,NOT IN LABOR FORCE,"560,808",39.50%
4,EMPLOY,EMPLOYMENT STATUS AT ADMISSION,-9,MISSING/UNKNOWN/NOT COLLECTED/INVALID,"29,264",2.10%
0,EMPLOY_D,EMPLOYMENT STATUS AT DISCHARGE,1,FULL TIME,"230,631",16.20%
1,EMPLOY_D,EMPLOYMENT STATUS AT DISCHARGE,2,PART TIME,"99,994",7.00%
2,EMPLOY_D,EMPLOYMENT STATUS AT DISCHARGE,3,UNEMPLOYED,"446,584",31.40%
3,EMPLOY_D,EMPLOYMENT STATUS AT DISCHARGE,4,NOT IN LABOR FORCE,"431,323",30.40%
4,EMPLOY_D,EMPLOYMENT STATUS AT DISCHARGE,-9,MISSING/UNKNOWN/NOT COLLECTED/INVALID,"211,784",14.90%
0,DETNLF,DETAILED 'NOT IN LABOR FORCE' CATEGORY AT ADMISSION,1,HOMEMAKER,"12,807",0.90%
1,DETNLF,DETAILED 'NOT IN LABOR FORCE' CATEGORY AT ADMISSION,2,STUDENT,"49,637",3.50%
2,DETNLF,DETAILED 'NOT IN LABOR FORCE' CATEGORY AT ADMISSION,3,"RETIRED, DISABLED","112,763",7.90%
3,DETNLF,DETAILED 'NOT IN LABOR FORCE' CATEGORY AT ADMISSION,4,RESIDENT OF INSTITUTION,"25,458",1.80%
4,DETNLF,DETAILED 'NOT IN LABOR FORCE' CATEGORY AT ADMISSION,5,OTHER,"260,673",18.40%
5,DETNLF,DETAILED 'NOT IN LABOR FORCE' CATEGORY AT ADMISSION,9,MISSING/UNKNOWN/NOT COLLECTED/INVALID,"958,978",67.50%
0,DETNLF_D,DETAILED 'NOT IN LABOR FORCE' CATEGORY AT DISCHARGE,1,HOMEMAKER,"12,444",0.90%
1,DETNLF_D,DETAILED 'NOT IN LABOR FORCE' CATEGORY AT DISCHARGE,2,STUDENT,"45,156",3.20%
2,DETNLF_D,DETAILED 'NOT IN LABOR FORCE' CATEGORY AT DISCHARGE,3,"RETIRED, DISABLED","97,996",6.90%
3,DETNLF_D,DETAILED 'NOT IN LABOR FORCE' CATEGORY AT DISCHARGE,4,RESIDENT OF INSTITUTION,"26,231",1.80%
4,DETNLF_D,DETAILED 'NOT IN LABOR FORCE' CATEGORY AT DISCHARGE,5,OTHER,"186,635",13.10%
5,DETNLF_D,DETAILED 'NOT IN LABOR FORCE' CATEGORY AT DISCHARGE,-9,MISSING/UNKNOWN/NOT COLLECTED/INVALID,"1,051,854",74.10%
0,PREG,PREGNANT AT TIME OF ADMISSION,1,YES,"18,564",1.30%
1,PREG,PREGNANT AT TIME OF ADMISSION,2,NO,"435,245",30.60%
2,PREG,PREGNANT AT TIME OF ADMISSION,-9,MISSING/UNKNOWN/NOT COLLECTED/INVALID,"966,507",68.00%
0,VET,VETERAN STATUS,1,YES,"39,070",2.80%
1,VET,VETERAN STATUS,2,NO,"1,271,996",89.60%
2,VET,VETERAN STATUS,-9,MISSING/UNKNOWN/NOT COLLECTED/INVALID,"109,250",7.70%
0,LIVARAG,LIVING ARRANGEMENTS AT ADMISSION  I,1,HOMELESS,"220,952",15.60%
1,LIVARAG,LIVING ARRANGEMENTS AT ADMISSION  I,2,DEPENDENT LIVING,"262,952",18.50%
2,LIVARAG,LIVING ARRANGEMENTS AT ADMISSION  I,3,INDEPENDENT LIVING,"902,545",63.50%
3,LIVARAG,LIVING ARRANGEMENTS AT ADMISSION  I,9,MISSING/UNKNOWN/NOT COLLECTED/INVALID,"33,867",2.40%
0,LIVARAG_D,LIVING ARRANGEMENTS AT DISCHARGE,1,HOMELESS,"143,286",10.10%
1,LIVARAG_D,LIVING ARRANGEMENTS AT DISCHARGE,2,DEPENDENT LIVING,"260,797",18.40%
2,LIVARAG_D,LIVING ARRANGEMENTS AT DISCHARGE,3,INDEPENDENT LIVING,"803,208",56.60%
3,LIVARAG_D,LIVING ARRANGEMENTS AT DISCHARGE,9,MISSING/UNKNOWN/NOT COLLECTED/INVALID,"213,025",15.00%
0,PRIMINC,SOURCE OF INCOME/SUPPORT,1,WAGES/SALARY,"238,259",16.80%
1,PRIMINC,SOURCE OF INCOME/SUPPORT,2,PUBLIC ASSISTANCE,"84,747",6.00%
2,PRIMINC,SOURCE OF INCOME/SUPPORT,3,"RETIREMENT/PENSION, DISABILITY","59,544",4.20%
3,PRIMINC,SOURCE OF INCOME/SUPPORT,4,OTHER,"176,875",12.50%
4,PRIMINC,SOURCE OF INCOME/SUPPORT,5,NONE,"329,962",23.20%
5,PRIMINC,SOURCE OF INCOME/SUPPORT,-9,MISSING/UNKNOWN/NOT COLLECTED/INVALID,"530,929",37.40%
0,ARRESTS,NUMBER OF ARRESTS IN 30 DAYS PRIOR TO ADMISSION,0,NONE,"1,202,293",84.60%
1,ARRESTS,NUMBER OF ARRESTS IN 30 DAYS PRIOR TO ADMISSION,1,ONCE,"91,508",6.40%
2,ARRESTS,NUMBER OF ARRESTS IN 30 DAYS PRIOR TO ADMISSION,2,TWO OR MORE TIMES,"14,738",1.00%
3,ARRESTS,NUMBER OF ARRESTS IN 30 DAYS PRIOR TO ADMISSION,-9,MISSING/UNKNOWN/NOT COLLECTED/INVALID,"111,777",7.90%
0,ARRESTS_D,NUMBER OF ARRESTS IN 30 DAYS PRIOR TO DISCHARGE,0,NONE,"1,135,436",79.90%
1,ARRESTS_D,NUMBER OF ARRESTS IN 30 DAYS PRIOR TO DISCHARGE,1,ONCE,"56,433",4.00%
2,ARRESTS_D,NUMBER OF ARRESTS IN 30 DAYS PRIOR TO DISCHARGE,2,TWO OR MORE TIMES,"15,610",1.10%
3,ARRESTS_D,NUMBER OF ARRESTS IN 30 DAYS PRIOR TO DISCHARGE,-9,MISSING/UNKNOWN/NOT COLLECTED/INVALID,"212,837",15.00%
0,STFIPS,CENSUS STATE FIPS CODE,1,ALABAMA,"6,373",0.40%
1,STFIPS,CENSUS STATE FIPS CODE,2,ALASKA,"6,081",0.40%
2,STFIPS,CENSUS STATE FIPS CODE,4,ARIZONA,"22,334",1.60%
3,STFIPS,CENSUS STATE FIPS CODE,5,ARKANSAS,"7,403",0.50%
4,STFIPS,CENSUS STATE FIPS CODE,6,CALIFORNIA,"157,277",11.10%
5,STFIPS,CENSUS STATE FIPS CODE,8,COLORADO,"53,119",3.70%
6,STFIPS,CENSUS STATE FIPS CODE,9,CONNECTICUT,"60,752",4.30%
7,STFIPS,CENSUS STATE FIPS CODE,10,DELAWARE,"5,463",0.40%
8,STFIPS,CENSUS STATE FIPS CODE,11,DISTRICT OF COLUMBIA,"5,666",0.40%
9,STFIPS,CENSUS STATE FIPS CODE,12,FLORIDA ,"25,824",1.80%
10,STFIPS,CENSUS STATE FIPS CODE,13,GEORGIA,"16,646",1.20%
11,STFIPS,CENSUS STATE FIPS CODE,15,HAWAII,"8,997",0.60%
12,STFIPS,CENSUS STATE FIPS CODE,16,IDAHO,"7,834",0.60%
13,STFIPS,CENSUS STATE FIPS CODE,17,ILLINOIS,"24,043",1.70%
14,STFIPS,CENSUS STATE FIPS CODE,18,INDIANA,"21,657",1.50%
15,STFIPS,CENSUS STATE FIPS CODE,19,IOWA,"26,831",1.90%
16,STFIPS,CENSUS STATE FIPS CODE,20,KANSAS,"1,308",0.10%
17,STFIPS,CENSUS STATE FIPS CODE,21,KENTUCKY,"47,129",3.30%
18,STFIPS,CENSUS STATE FIPS CODE,22,LOUISIANA,"9,228",0.60%
19,STFIPS,CENSUS STATE FIPS CODE,23,MAINE,"9,022",0.60%
20,STFIPS,CENSUS STATE FIPS CODE,24,MARYLAND,"25,316",1.80%
21,STFIPS,CENSUS STATE FIPS CODE,25,MASSACHUSETTS,"72,200",5.10%
22,STFIPS,CENSUS STATE FIPS CODE,26,MICHIGAN,"37,843",2.70%
23,STFIPS,CENSUS STATE FIPS CODE,27,MINNESOTA,"49,166",3.50%
24,STFIPS,CENSUS STATE FIPS CODE,28,MISSISSIPPI,"3,556",0.30%
25,STFIPS,CENSUS STATE FIPS CODE,29,MISSOURI,"51,705",3.60%
26,STFIPS,CENSUS STATE FIPS CODE,30,MONTANA,"6,590",0.50%
27,STFIPS,CENSUS STATE FIPS CODE,31,NEBRASKA,"8,831",0.60%
28,STFIPS,CENSUS STATE FIPS CODE,32,NEVADA,"7,679",0.50%
29,STFIPS,CENSUS STATE FIPS CODE,33,NEW HAMPSHIRE,"4,608",0.30%
30,STFIPS,CENSUS STATE FIPS CODE,34,NEW JERSEY,"61,251",4.30%
31,STFIPS,CENSUS STATE FIPS CODE,35,NEW MEXICO,"1,537",0.10%
32,STFIPS,CENSUS STATE FIPS CODE,36,NEW YORK,"272,407",19.20%
33,STFIPS,CENSUS STATE FIPS CODE,37,NORTH CAROLINA,"35,809",2.50%
34,STFIPS,CENSUS STATE FIPS CODE,38,NORTH DAKOTA,"1,061",0.10%
35,STFIPS,CENSUS STATE FIPS CODE,39,OHIO,"37,142",2.60%
36,STFIPS,CENSUS STATE FIPS CODE,40,OKLAHOMA,"12,660",0.90%
37,STFIPS,CENSUS STATE FIPS CODE,42,PENNSYLVANIA,"23,743",1.70%
38,STFIPS,CENSUS STATE FIPS CODE,44,RHODE ISLAND,"11,546",0.80%
39,STFIPS,CENSUS STATE FIPS CODE,46,SOUTH DAKOTA,"12,558",0.90%
0,STFIPS,CENSUS STATE FIPS CODE,47,TENNESSEE,"13,110",0.90%
1,STFIPS,CENSUS STATE FIPS CODE,48,TEXAS,"31,634",2.20%
2,STFIPS,CENSUS STATE FIPS CODE,49,UTAH,"14,793",1.00%
3,STFIPS,CENSUS STATE FIPS CODE,50,VERMONT,"10,852",0.80%
4,STFIPS,CENSUS STATE FIPS CODE,51,VIRGINIA,"19,875",1.40%
5,STFIPS,CENSUS STATE FIPS CODE,53,WASHINGTON,"57,530",4.10%
6,STFIPS,CENSUS STATE FIPS CODE,55,WISCONSIN,"5,903",0.40%
7,STFIPS,CENSUS STATE FIPS CODE,56,WYOMING,"4,801",0.30%
8,STFIPS,CENSUS STATE FIPS CODE,72,PUERTO RICO,"1,623",0.10%
0,CBSA,FIPS 2010 CBSA CODE,10180,"ABILENE, TX METRO",738,0.10%
1,CBSA,FIPS 2010 CBSA CODE,10380,"AGUADILLAISABELASAN SEBASTIAN, PR METRO",70,0.00%
2,CBSA,FIPS 2010 CBSA CODE,10420,"AKRON, OH METRO","1,600",0.10%
3,CBSA,FIPS 2010 CBSA CODE,10500,"ALBANY, GA METRO",91,0.00%
4,CBSA,FIPS 2010 CBSA CODE,10580,"ALBANYSCHENECTADYTROY, NY METRO","16,708",1.20%
5,CBSA,FIPS 2010 CBSA CODE,10740,"ALBUQUERQUE, NM METRO",188,0.00%
6,CBSA,FIPS 2010 CBSA CODE,10780,"ALEXANDRIA, LA METRO",507,0.00%
7,CBSA,FIPS 2010 CBSA CODE,10900,"ALLENTOWNBETHLEHEMEASTON, PANJ METRO","1,633",0.10%
8,CBSA,FIPS 2010 CBSA CODE,11020,"ALTOONA, PA METRO","2,187",0.20%
9,CBSA,FIPS 2010 CBSA CODE,11100,"AMARILLO, TX METRO",171,0.00%
10,CBSA,FIPS 2010 CBSA CODE,11260,"ANCHORAGE, AK METRO","1,812",0.10%
11,CBSA,FIPS 2010 CBSA CODE,11460,"ANN ARBOR, MI METRO",704,0.00%
12,CBSA,FIPS 2010 CBSA CODE,11640,"ARECIBO, PR METRO",43,0.00%
13,CBSA,FIPS 2010 CBSA CODE,11700,"ASHEVILLE, NC METRO","3,495",0.20%
14,CBSA,FIPS 2010 CBSA CODE,11780,"ASHTABULA, OH MICRO",332,0.00%
15,CBSA,FIPS 2010 CBSA CODE,12060,"ATLANTASANDY SPRINGSMARIETTA, GA METRO","1,536",0.10%
16,CBSA,FIPS 2010 CBSA CODE,12100,"ATLANTIC CITY, NJ METRO","4,255",0.30%
17,CBSA,FIPS 2010 CBSA CODE,12260,"AUGUSTARICHMOND COUNTY, GASC METRO",10,0.00%
18,CBSA,FIPS 2010 CBSA CODE,12300,"AUGUSTAWATERVILLE, ME MICRO",823,0.10%
19,CBSA,FIPS 2010 CBSA CODE,12420,"AUSTINROUND ROCK, TX METRO","1,529",0.10%
20,CBSA,FIPS 2010 CBSA CODE,12540,"BAKERSFIELD, CA METRO","2,591",0.20%
21,CBSA,FIPS 2010 CBSA CODE,12580,"BALTIMORETOWSON, MD METRO","1,486",0.10%
22,CBSA,FIPS 2010 CBSA CODE,12620,"BANGOR, ME METRO",953,0.10%
23,CBSA,FIPS 2010 CBSA CODE,12700,"BARNSTABLE TOWN, MA METRO","3,921",0.30%
24,CBSA,FIPS 2010 CBSA CODE,12940,"BATON ROUGE, LA METRO",43,0.00%
25,CBSA,FIPS 2010 CBSA CODE,12980,"BATTLE CREEK, MI METRO",246,0.00%
26,CBSA,FIPS 2010 CBSA CODE,13020,"BAY CITY, MI METRO",174,0.00%
27,CBSA,FIPS 2010 CBSA CODE,13140,"BEAUMONTPORT ARTHUR, TX METRO",897,0.10%
28,CBSA,FIPS 2010 CBSA CODE,13380,"BELLINGHAM, WA METRO","2,167",0.20%
29,CBSA,FIPS 2010 CBSA CODE,13740,"BILLINGS, MT METRO","1,025",0.10%
30,CBSA,FIPS 2010 CBSA CODE,13780,"BINGHAMTON, NY METRO","2,966",0.20%
31,CBSA,FIPS 2010 CBSA CODE,13820,"BIRMINGHAMHOOVER, AL METRO",278,0.00%
32,CBSA,FIPS 2010 CBSA CODE,X ,OTHER FIPS 2000 CBSA CODES NOT PRINTED HERE,"955,917",67.30%
33,CBSA,FIPS 2010 CBSA CODE,-9,UNDESIGNATED AREA/MISSING/UNKNOWN/NOT COLLECTED/INVALID,"409,220",28.80%
0,CBSA,FIPS 2010 CBSA CODE,,,,
0,REGION,CENSUS REGION,0,US JURISDICTION/TERRITORY,"1,623",0.10%
1,REGION,CENSUS REGION,1,NORTHEAST,"526,381",37.10%
2,REGION,CENSUS REGION,2,MIDWEST,"278,048",19.60%
3,REGION,CENSUS REGION,3,SOUTH,"265,692",18.70%
4,REGION,CENSUS REGION,4,WEST,"348,572",24.50%
0,DIVISION,CENSUS DIVISION,0,US JURISDICTION/TERRITORY,"1,623",0.10%
1,DIVISION,CENSUS DIVISION,1,NEW ENGLAND,"168,980",11.90%
2,DIVISION,CENSUS DIVISION,2,MIDATLANTIC,"357,401",25.20%
3,DIVISION,CENSUS DIVISION,3,EAST NORTH CENTRAL,"126,588",8.90%
4,DIVISION,CENSUS DIVISION,4,WEST NORTH CENTRAL,"151,460",10.70%
5,DIVISION,CENSUS DIVISION,5,SOUTH ATLANTIC,"134,599",9.50%
6,DIVISION,CENSUS DIVISION,6,EAST SOUTH CENTRAL,"70,168",4.90%
7,DIVISION,CENSUS DIVISION,7,WEST SOUTH CENTRAL,"60,925",4.30%
8,DIVISION,CENSUS DIVISION,8,MOUNTAIN,"118,687",8.40%
9,DIVISION,CENSUS DIVISION,9,PACIFIC,"229,885",16.20%
0,SERVICES_D,SERVICE SETTING AT DISCHARGE,1,"DETOX, 24 HR, HOSPITAL INPATIENT","41,012",2.90%
1,SERVICES_D,SERVICE SETTING AT DISCHARGE,2,"DETOX, 24 HR, FREESTANDING RESIDENTIAL","261,485",18.40%
2,SERVICES_D,SERVICE SETTING AT DISCHARGE,3,"REHAB/RES, HOSPITAL (NONDETOX)","3,268",0.20%
3,SERVICES_D,SERVICE SETTING AT DISCHARGE,4,"REHAB/RES, SHORT TERM (30 DAYS OR FEWER)","154,795",10.90%
4,SERVICES_D,SERVICE SETTING AT DISCHARGE,5,"REHAB/RES, LONG TERM (MORE THAN 30 DAYS)","112,673",7.90%
5,SERVICES_D,SERVICE SETTING AT DISCHARGE,6,"AMBULATORY, INTENSIVE OUTPATIENT","189,229",13.30%
6,SERVICES_D,SERVICE SETTING AT DISCHARGE,7,"AMBULATORY, NONINTENSIVE OUTPATIENT","641,964",45.20%
7,SERVICES_D,SERVICE SETTING AT DISCHARGE,8,"AMBULATORY, DETOXIFICATION","15,890",1.10%
0,METHUSE,MEDICATION-ASSISTED OPIOID THERAPY,1,YES,"132,067",9.30%
1,METHUSE,MEDICATION-ASSISTED OPIOID THERAPY,2,NO,"1,244,243",87.60%
2,METHUSE,MEDICATION-ASSISTED OPIOID THERAPY,-9,MISSING/UNKNOWN/NOT COLLECTED/INVALID,"44,006",3.10%
0,DAYWAIT,DAYS WAITING TO ENTER TREATMENT,0,0,"507,041",35.70%
1,DAYWAIT,DAYS WAITING TO ENTER TREATMENT,1,7-Jan,"148,065",10.40%
2,DAYWAIT,DAYS WAITING TO ENTER TREATMENT,2,14-Aug,"40,865",2.90%
3,DAYWAIT,DAYS WAITING TO ENTER TREATMENT,3,15-30,"32,522",2.30%
4,DAYWAIT,DAYS WAITING TO ENTER TREATMENT,4,31 and more,"24,241",1.70%
5,DAYWAIT,DAYS WAITING TO ENTER TREATMENT,-9,MISSING/UNKNOWN/NOT COLLECTED/INVALID,"667,582",47.00%
0,REASON,REASON FOR DISCHARGE,1,TREATMENT COMPLETED,"616,814",43.40%
1,REASON,REASON FOR DISCHARGE,2,DROPPED OUT OF TREATMENT,"382,769",26.90%
2,REASON,REASON FOR DISCHARGE,3,TERMINATED BY FACILITY,"101,239",7.10%
3,REASON,REASON FOR DISCHARGE,4,TRANSFERRED TO ANOTHER TREATMENT PROGRAM OR FACILITY,"222,740",15.70%
4,REASON,REASON FOR DISCHARGE,5,INCARCERATED,"29,777",2.10%
5,REASON,REASON FOR DISCHARGE,6,DEATH,"3,362",0.20%
6,REASON,REASON FOR DISCHARGE,7,OTHER ,"63,615",4.50%
0,LOS,LENGTH OF STAY,1,1,"120,682",8.50%
1,LOS,LENGTH OF STAY,2,2,"62,271",4.40%
2,LOS,LENGTH OF STAY,3,3,"60,040",4.20%
3,LOS,LENGTH OF STAY,4,4,"63,994",4.50%
4,LOS,LENGTH OF STAY,5,5,"50,575",3.60%
5,LOS,LENGTH OF STAY,6,6,"33,765",2.40%
6,LOS,LENGTH OF STAY,7,7,"27,092",1.90%
7,LOS,LENGTH OF STAY,8,8,"20,038",1.40%
8,LOS,LENGTH OF STAY,9,9,"14,049",1.00%
9,LOS,LENGTH OF STAY,10,10,"12,708",0.90%
10,LOS,LENGTH OF STAY,11,11,"10,381",0.70%
11,LOS,LENGTH OF STAY,12,12,"9,701",0.70%
12,LOS,LENGTH OF STAY,13,13,"14,117",1.00%
13,LOS,LENGTH OF STAY,14,14,"17,383",1.20%
14,LOS,LENGTH OF STAY,15,15,"15,586",1.10%
15,LOS,LENGTH OF STAY,16,16,"10,051",0.70%
16,LOS,LENGTH OF STAY,17,17,"9,000",0.60%
17,LOS,LENGTH OF STAY,18,18,"8,120",0.60%
18,LOS,LENGTH OF STAY,19,19,"8,119",0.60%
19,LOS,LENGTH OF STAY,20,20,"10,354",0.70%
20,LOS,LENGTH OF STAY,21,21,"15,241",1.10%
21,LOS,LENGTH OF STAY,22,22,"12,148",0.90%
22,LOS,LENGTH OF STAY,23,23,"8,534",0.60%
23,LOS,LENGTH OF STAY,24,24,"8,203",0.60%
24,LOS,LENGTH OF STAY,25,25,"7,417",0.50%
0,LOS,LENGTH OF STAY,26,26,"7,240",0.50%
1,LOS,LENGTH OF STAY,27,27,"11,397",0.80%
2,LOS,LENGTH OF STAY,28,28,"23,012",1.60%
3,LOS,LENGTH OF STAY,29,29,"15,772",1.10%
4,LOS,LENGTH OF STAY,30,30,"13,228",0.90%
5,LOS,LENGTH OF STAY,31,31 TO 45 DAYS,"97,488",6.90%
6,LOS,LENGTH OF STAY,32,46 TO 60 DAYS,"73,790",5.20%
7,LOS,LENGTH OF STAY,33,61 TO 90 DAYS,"123,867",8.70%
8,LOS,LENGTH OF STAY,34,91 TO 120 DAYS,"99,019",7.00%
9,LOS,LENGTH OF STAY,35,121 TO 180 DAYS,"118,119",8.30%
10,LOS,LENGTH OF STAY,36,181 TO 365 DAYS,"133,990",9.40%
11,LOS,LENGTH OF STAY,37,MORE THAN A YEAR,"73,819",5.20%
12,LOS,LENGTH OF STAY,-9,MISSING/UNKNOWN/NOT COLLECTED/INVALID,6,0.00%
0,PSOURCE,REFERRAL SOURCE,1,INDIVIDUAL (INCLUDES SELFREFERRAL),"541,339",38.10%
1,PSOURCE,REFERRAL SOURCE,2,ALCOHOL/DRUG USE CARE PROVIDER,"156,249",11.00%
2,PSOURCE,REFERRAL SOURCE,3,OTHER HEALTH CARE PROVIDER,"96,135",6.80%
3,PSOURCE,REFERRAL SOURCE,4,SCHOOL (EDUCATIONAL),"10,011",0.70%
4,PSOURCE,REFERRAL SOURCE,5,EMPLOYER/EAP,"5,238",0.40%
5,PSOURCE,REFERRAL SOURCE,6,OTHER COMMUNITY REFERRAL,"155,152",10.90%
6,PSOURCE,REFERRAL SOURCE,7,COURT/CRIMINAL JUSTICE REFERRAL / DUI / DWI,"428,946",30.20%
7,PSOURCE,REFERRAL SOURCE,-9,MISSING/UNKNOWN/NOT COLLECTED/INVALID,"27,246",1.90%
0,DETCRIM,DETAILED CRIMINAL JUSTICE REFERRAL,1,STATE/FEDERAL COURT,"58,334",4.10%
1,DETCRIM,DETAILED CRIMINAL JUSTICE REFERRAL,2,FORMAL ADJUDICATION PROCESS,"37,283",2.60%
2,DETCRIM,DETAILED CRIMINAL JUSTICE REFERRAL,3,PROBATION/PAROLE,"105,260",7.40%
3,DETCRIM,DETAILED CRIMINAL JUSTICE REFERRAL,4,OTHER RECOGNIZED LEGAL ENTITY,"22,257",1.60%
4,DETCRIM,DETAILED CRIMINAL JUSTICE REFERRAL,5,DIVERSIONARY PROGRAM,"10,862",0.80%
5,DETCRIM,DETAILED CRIMINAL JUSTICE REFERRAL,6,PRISON,"7,474",0.50%
6,DETCRIM,DETAILED CRIMINAL JUSTICE REFERRAL,7,DUI/DWI,"28,741",2.00%
7,DETCRIM,DETAILED CRIMINAL JUSTICE REFERRAL,8,OTHER,"44,826",3.20%
8,DETCRIM,DETAILED CRIMINAL JUSTICE REFERRAL,-9,MISSING/UNKNOWN/NOT COLLECTED/INVALID,"1,105,279",77.80%
0,NOPRIOR,PREVIOUS SUBSTANCE USE TREATMENT EPISODES,0,NO PRIOR TREATMENT EPISODE,"478,131",33.70%
1,NOPRIOR,PREVIOUS SUBSTANCE USE TREATMENT EPISODES,1,ONE AND MORE PRIOR TREATMENT EPISODES,"825,883",58.10%
2,NOPRIOR,PREVIOUS SUBSTANCE USE TREATMENT EPISODES,-9,MISSING/UNKNOWN/NOT COLLECTED/INVALID,"116,302",8.20%
0,SUB1,SUBSTANCE USE (PRIMARY),,,,
0,SUB1,SUBSTANCE USE AT ADMISSION (PRIMARY),1,NONE,"9,892",0.70%
1,SUB1,SUBSTANCE USE AT ADMISSION (PRIMARY),2,ALCOHOL,"479,412",33.80%
2,SUB1,SUBSTANCE USE AT ADMISSION (PRIMARY),3,COCAINE/CRACK,"72,049",5.10%
3,SUB1,SUBSTANCE USE AT ADMISSION (PRIMARY),4,MARIJUANA/HASHISH,"207,956",14.60%
4,SUB1,SUBSTANCE USE AT ADMISSION (PRIMARY),5,HEROIN,"347,015",24.40%
5,SUB1,SUBSTANCE USE AT ADMISSION (PRIMARY),6,NONPRESCRIPTION METHADONE,"3,049",0.20%
6,SUB1,SUBSTANCE USE AT ADMISSION (PRIMARY),7,OTHER OPIATES AND SYNTHETICS,"109,671",7.70%
7,SUB1,SUBSTANCE USE AT ADMISSION (PRIMARY),8,PCP,"4,266",0.30%
8,SUB1,SUBSTANCE USE AT ADMISSION (PRIMARY),9,OTHER HALLUCINOGENS,"1,955",0.10%
9,SUB1,SUBSTANCE USE AT ADMISSION (PRIMARY),10,METHAMPHETAMINE,"140,788",9.90%
10,SUB1,SUBSTANCE USE AT ADMISSION (PRIMARY),11,OTHER AMPHETAMINES,"7,302",0.50%
11,SUB1,SUBSTANCE USE AT ADMISSION (PRIMARY),12,OTHER STIMULANTS,912,0.10%
12,SUB1,SUBSTANCE USE AT ADMISSION (PRIMARY),13,BENZODIAZEPINES,"13,809",1.00%
13,SUB1,SUBSTANCE USE AT ADMISSION (PRIMARY),14,OTHER NONBENZODIAZEPINE TRANQUILIZERS,228,0.00%
14,SUB1,SUBSTANCE USE AT ADMISSION (PRIMARY),15,BARBITURATES,"1,120",0.10%
15,SUB1,SUBSTANCE USE AT ADMISSION (PRIMARY),16,OTHER NONBARBITURATE SEDATIVES OR HYPNOTICS,"1,547",0.10%
16,SUB1,SUBSTANCE USE AT ADMISSION (PRIMARY),17,INHALANTS,696,0.00%
17,SUB1,SUBSTANCE USE AT ADMISSION (PRIMARY),18,OVERTHECOUNTER MEDICATIONS,745,0.10%
18,SUB1,SUBSTANCE USE AT ADMISSION (PRIMARY),19,OTHER,"7,784",0.50%
19,SUB1,SUBSTANCE USE AT ADMISSION (PRIMARY),9,MISSING/UNKNOWN/NOT COLLECTED/INVALID,"10,120",0.70%
0,SUB1_D,SUBSTANCE USE AT DISCHARGE (PRIMARY),1,NONE,"63,791",4.50%
1,SUB1_D,SUBSTANCE USE AT DISCHARGE (PRIMARY),2,ALCOHOL,"420,391",29.60%
2,SUB1_D,SUBSTANCE USE AT DISCHARGE (PRIMARY),3,COCAINE/CRACK,"65,579",4.60%
3,SUB1_D,SUBSTANCE USE AT DISCHARGE (PRIMARY),4,MARIJUANA/HASHISH,"191,809",13.50%
4,SUB1_D,SUBSTANCE USE AT DISCHARGE (PRIMARY),5,HEROIN,"288,431",20.30%
5,SUB1_D,SUBSTANCE USE AT DISCHARGE (PRIMARY),6,NONPRESCRIPTION METHADONE,"2,706",0.20%
6,SUB1_D,SUBSTANCE USE AT DISCHARGE (PRIMARY),7,OTHER OPIATES AND SYNTHETICS,"100,764",7.10%
7,SUB1_D,SUBSTANCE USE AT DISCHARGE (PRIMARY),8,PCP,"3,788",0.30%
8,SUB1_D,SUBSTANCE USE AT DISCHARGE (PRIMARY),9,OTHER HALLUCINOGENS,"1,860",0.10%
9,SUB1_D,SUBSTANCE USE AT DISCHARGE (PRIMARY),10,METHAMPHETAMINE,"136,848",9.60%
10,SUB1_D,SUBSTANCE USE AT DISCHARGE (PRIMARY),11,OTHER AMPHETAMINES,"7,377",0.50%
11,SUB1_D,SUBSTANCE USE AT DISCHARGE (PRIMARY),12,OTHER STIMULANTS,941,0.10%
12,SUB1_D,SUBSTANCE USE AT DISCHARGE (PRIMARY),13,BENZODIAZEPINES,"11,771",0.80%
13,SUB1_D,SUBSTANCE USE AT DISCHARGE (PRIMARY),14,OTHER NONBENZODIAZEPINE TRANQUILIZERS,217,0.00%
14,SUB1_D,SUBSTANCE USE AT DISCHARGE (PRIMARY),15,BARBITURATES,780,0.10%
15,SUB1_D,SUBSTANCE USE AT DISCHARGE (PRIMARY),16,OTHER NONBARBITURATE SEDATIVES OR HYPNOTICS,"1,512",0.10%
16,SUB1_D,SUBSTANCE USE AT DISCHARGE (PRIMARY),17,INHALANTS,676,0.00%
17,SUB1_D,SUBSTANCE USE AT DISCHARGE (PRIMARY),18,OVERTHECOUNTER MEDICATIONS,684,0.00%
18,SUB1_D,SUBSTANCE USE AT DISCHARGE (PRIMARY),19,OTHER,"6,908",0.50%
19,SUB1_D,SUBSTANCE USE AT DISCHARGE (PRIMARY),9,MISSING/UNKNOWN/NOT COLLECTED/INVALID,"113,483",8.00%
0,ROUTE1,USUAL ROUTE OF ADMINISTRATION (PRIMARY),1,ORAL,"574,137",40.40%
1,ROUTE1,USUAL ROUTE OF ADMINISTRATION (PRIMARY),2,SMOKING,"367,940",25.90%
2,ROUTE1,USUAL ROUTE OF ADMINISTRATION (PRIMARY),3,INHALATION,"132,201",9.30%
3,ROUTE1,USUAL ROUTE OF ADMINISTRATION (PRIMARY),4,INJECTION (IV OR INTRAMUSCULAR),"306,922",21.60%
4,ROUTE1,USUAL ROUTE OF ADMINISTRATION (PRIMARY),5,OTHER,"10,207",0.70%
5,ROUTE1,USUAL ROUTE OF ADMINISTRATION (PRIMARY),-9,MISSING/UNKNOWN/NOT COLLECTED/INVALID,"28,909",2.00%
0,FREQ1,FREQUENCY OF USE AT ADMISSION (PRIMARY),1,NO USE IN THE PAST MONTH,"378,408",26.60%
1,FREQ1,FREQUENCY OF USE AT ADMISSION (PRIMARY),2,SOMEUSE,"388,497",27.40%
2,FREQ1,FREQUENCY OF USE AT ADMISSION (PRIMARY),3,DAILY USE,"558,314",39.30%
3,FREQ1,FREQUENCY OF USE AT ADMISSION (PRIMARY),9,MISSING/UNKNOWN/NOT COLLECTED/INVALID,"95,097",6.70%
0,FREQ1_D,FREQUENCY OF USE AT DISCHARGE (PRIMARY),1,NO USE IN THE PAST MONTH,"583,386",41.10%
1,FREQ1_D,FREQUENCY OF USE AT DISCHARGE (PRIMARY),2,SOME USE,"262,986",18.50%
2,FREQ1_D,FREQUENCY OF USE AT DISCHARGE (PRIMARY),3,DAILY USE,"220,799",15.50%
3,FREQ1_D,FREQUENCY OF USE AT DISCHARGE (PRIMARY),9,MISSING/UNKNOWN/NOT COLLECTED/INVALID,"353,145",24.90%
0,FRSTUSE1,AGE AT FIRST USE (PRIMARY),1,11 AND UNDER,"81,827",5.80%
1,FRSTUSE1,AGE AT FIRST USE (PRIMARY),2,12 TO 14 YEARS,"275,371",19.40%
2,FRSTUSE1,AGE AT FIRST USE (PRIMARY),3,15 TO 17 YEARS,"363,700",25.60%
3,FRSTUSE1,AGE AT FIRST USE (PRIMARY),4,18 TO 20 YEARS,"252,984",17.80%
4,FRSTUSE1,AGE AT FIRST USE (PRIMARY),5,21 TO 24 YEARS,"163,129",11.50%
5,FRSTUSE1,AGE AT FIRST USE (PRIMARY),6,25 TO 29 YEARS,"114,707",8.10%
6,FRSTUSE1,AGE AT FIRST USE (PRIMARY),7,30 AND OVER,"130,328",9.20%
7,FRSTUSE1,AGE AT FIRST USE (PRIMARY),-9,MISSING/UNKNOWN/NOT COLLECTED/INVALID,"38,270",2.70%
0,SUB2,SUBSTANCE USE (SECONDARY),,,,
0,SUB2,SUBSTANCE USE AT ADMISSION (SECONDARY),1,NONE,"551,521",38.80%
1,SUB2,SUBSTANCE USE AT ADMISSION (SECONDARY),2,ALCOHOL,"165,350",11.60%
2,SUB2,SUBSTANCE USE AT ADMISSION (SECONDARY),3,COCAINE/CRACK,"130,873",9.20%
3,SUB2,SUBSTANCE USE AT ADMISSION (SECONDARY),4,MARIJUANA/HASHISH,"218,472",15.40%
4,SUB2,SUBSTANCE USE AT ADMISSION (SECONDARY),5,HEROIN,"45,842",3.20%
5,SUB2,SUBSTANCE USE AT ADMISSION (SECONDARY),6,NONPRESCRIPTION METHADONE,"3,147",0.20%
6,SUB2,SUBSTANCE USE AT ADMISSION (SECONDARY),7,OTHER OPIATES AND SYNTHETICS,"67,751",4.80%
7,SUB2,SUBSTANCE USE AT ADMISSION (SECONDARY),8,PCP,"2,678",0.20%
8,SUB2,SUBSTANCE USE AT ADMISSION (SECONDARY),9,OTHER HALLUCINOGENS,"3,154",0.20%
9,SUB2,SUBSTANCE USE AT ADMISSION (SECONDARY),10,METHAMPHETAMINE,"70,274",4.90%
10,SUB2,SUBSTANCE USE AT ADMISSION (SECONDARY),11,OTHER AMPHETAMINES,"7,559",0.50%
11,SUB2,SUBSTANCE USE AT ADMISSION (SECONDARY),12,OTHER STIMULANTS,"1,393",0.10%
12,SUB2,SUBSTANCE USE AT ADMISSION (SECONDARY),13,BENZODIAZEPINES,"49,635",3.50%
13,SUB2,SUBSTANCE USE AT ADMISSION (SECONDARY),14,OTHER NONBENZODIAZEPINE TRANQUILIZERS,552,0.00%
14,SUB2,SUBSTANCE USE AT ADMISSION (SECONDARY),15,BARBITURATES,678,0.00%
15,SUB2,SUBSTANCE USE AT ADMISSION (SECONDARY),16,OTHER NONBARBITURATE SEDATIVES OR HYPNOTICS,"3,465",0.20%
16,SUB2,SUBSTANCE USE AT ADMISSION (SECONDARY),17,INHALANTS,765,0.10%
17,SUB2,SUBSTANCE USE AT ADMISSION (SECONDARY),18,OVERTHECOUNTER MEDICATIONS ,"1,173",0.10%
18,SUB2,SUBSTANCE USE AT ADMISSION (SECONDARY),19,OTHER,"27,571",1.90%
19,SUB2,SUBSTANCE USE AT ADMISSION (SECONDARY),-9,MISSING/UNKNOWN/NOT COLLECTED/INVALID,"68,463",4.80%
0,SUB2_D,SUBSTANCE USE AT DISCHARGE (SECONDARY),1,NONE,"554,546",39.00%
1,SUB2_D,SUBSTANCE USE AT DISCHARGE (SECONDARY),2,ALCOHOL,"137,984",9.70%
2,SUB2_D,SUBSTANCE USE AT DISCHARGE (SECONDARY),3,COCAINE/CRACK,"103,453",7.30%
3,SUB2_D,SUBSTANCE USE AT DISCHARGE (SECONDARY),4,MARIJUANA/HASHISH,"187,188",13.20%
4,SUB2_D,SUBSTANCE USE AT DISCHARGE (SECONDARY),5,HEROIN,"35,436",2.50%
5,SUB2_D,SUBSTANCE USE AT DISCHARGE (SECONDARY),6,NONPRESCRIPTION METHADONE,"2,337",0.20%
6,SUB2_D,SUBSTANCE USE AT DISCHARGE (SECONDARY),7,OTHER OPIATES AND SYNTHETICS,"57,378",4.00%
7,SUB2_D,SUBSTANCE USE AT DISCHARGE (SECONDARY),8,PCP,"2,145",0.20%
8,SUB2_D,SUBSTANCE USE AT DISCHARGE (SECONDARY),9,OTHER HALLUCINOGENS,"2,805",0.20%
9,SUB2_D,SUBSTANCE USE AT DISCHARGE (SECONDARY),10,METHAMPHETAMINE,"58,973",4.20%
10,SUB2_D,SUBSTANCE USE AT DISCHARGE (SECONDARY),11,OTHER AMPHETAMINES,"6,724",0.50%
11,SUB2_D,SUBSTANCE USE AT DISCHARGE (SECONDARY),12,OTHER STIMULANTS,"1,313",0.10%
12,SUB2_D,SUBSTANCE USE AT DISCHARGE (SECONDARY),13,BENZODIAZEPINES,"38,830",2.70%
13,SUB2_D,SUBSTANCE USE AT DISCHARGE (SECONDARY),14,OTHER NONBENZODIAZEPINE TRANQUILIZERS,508,0.00%
14,SUB2_D,SUBSTANCE USE AT DISCHARGE (SECONDARY),15,BARBITURATES,639,0.00%
15,SUB2_D,SUBSTANCE USE AT DISCHARGE (SECONDARY),16,OTHER NONBARBITURATE SEDATIVES OR HYPNOTICS,"3,167",0.20%
16,SUB2_D,SUBSTANCE USE AT DISCHARGE (SECONDARY),17,INHALANTS,728,0.10%
17,SUB2_D,SUBSTANCE USE AT DISCHARGE (SECONDARY),18,OVERTHECOUNTER MEDICATIONS,"1,259",0.10%
18,SUB2_D,SUBSTANCE USE AT DISCHARGE (SECONDARY),19,OTHER,"25,623",1.80%
19,SUB2_D,SUBSTANCE USE AT DISCHARGE (SECONDARY),9,MISSING/UNKNOWN/NOT COLLECTED/INVALID,"199,280",14.00%
0,ROUTE2,USUAL ROUTE OF ADMINISTRATION (SECONDARY),1,ORAL,"277,567",19.50%
1,ROUTE2,USUAL ROUTE OF ADMINISTRATION (SECONDARY),2,SMOKING,"348,255",24.50%
2,ROUTE2,USUAL ROUTE OF ADMINISTRATION (SECONDARY),3,INHALATION,"86,066",6.10%
3,ROUTE2,USUAL ROUTE OF ADMINISTRATION (SECONDARY),4,INJECTION (IV OR INTRAMUSCULAR),"80,084",5.60%
4,ROUTE2,USUAL ROUTE OF ADMINISTRATION (SECONDARY),5,OTHER,"6,104",0.40%
5,ROUTE2,USUAL ROUTE OF ADMINISTRATION (SECONDARY),-9,MISSING/UNKNOWN/NOT COLLECTED/INVALID,"622,240",43.80%
0,FREQ2,FREQUENCY OF USE AT ADMISSION (SECONDARY),1,NO USE IN THE PAST MONTH,"290,292",20.40%
1,FREQ2,FREQUENCY OF USE AT ADMISSION (SECONDARY),2,SOME USE,"281,560",19.80%
2,FREQ2,FREQUENCY OF USE AT ADMISSION (SECONDARY),3,DAILY USE,"226,942",16.00%
3,FREQ2,FREQUENCY OF USE AT ADMISSION (SECONDARY),9,MISSING/UNKNOWN/NOT COLLECTED/INVALID,"621,522",43.80%
0,FREQ2_D,FREQUENCY OF USE AT DISCHARGE (SECONDARY),1,NOUSE IN THE PAST MONTH,682,0.00%
1,FREQ2_D,FREQUENCY OF USE AT DISCHARGE (SECONDARY),2,SOME USE,"429,039",30.20%
2,FREQ2_D,FREQUENCY OF USE AT DISCHARGE (SECONDARY),3,DAILY USE,"35,622",2.50%
3,FREQ2_D,FREQUENCY OF USE AT DISCHARGE (SECONDARY),9,MISSING/UNKNOWN/NOT COLLECTED/INVALID,"954,973",67.20%
0,FRSTUSE2,AGE AT FIRST USE (SECONDARY),1,11 AND UNDER,"48,756",3.40%
1,FRSTUSE2,AGE AT FIRST USE (SECONDARY),2,12 TO 14 YEARS,"177,589",12.50%
2,FRSTUSE2,AGE AT FIRST USE (SECONDARY),3,15 TO 17 YEARS,"220,073",15.50%
3,FRSTUSE2,AGE AT FIRST USE (SECONDARY),4,18 TO 20 YEARS,"133,647",9.40%
4,FRSTUSE2,AGE AT FIRST USE (SECONDARY),5,21 TO 24 YEARS,"79,491",5.60%
5,FRSTUSE2,AGE AT FIRST USE (SECONDARY),6,25 TO 29 YEARS,"60,075",4.20%
6,FRSTUSE2,AGE AT FIRST USE (SECONDARY),7,30 AND OVER,"76,390",5.40%
7,FRSTUSE2,AGE AT FIRST USE (SECONDARY),-9,MISSING/UNKNOWN/NOT COLLECTED/INVALID,"624,295",44.00%
0,SUB3,SUBSTANCE USE (TERTIARY),,,,
0,SUB3,SUBSTANCE USE (TERTIARY),1,NONE,"840,340",59.20%
1,SUB3,SUBSTANCE USE (TERTIARY),2,ALCOHOL,"59,567",4.20%
2,SUB3,SUBSTANCE USE (TERTIARY),3,COCAINE/CRACK,"47,758",3.40%
3,SUB3,SUBSTANCE USE (TERTIARY),4,MARIJUANA/HASHISH,"79,246",5.60%
4,SUB3,SUBSTANCE USE (TERTIARY),5,HEROIN,"12,496",0.90%
5,SUB3,SUBSTANCE USE (TERTIARY),6,NONPRESCRIPTION METHADONE,"1,525",0.10%
6,SUB3,SUBSTANCE USE (TERTIARY),7,OTHER OPIATES AND SYNTHETICS,"24,427",1.70%
7,SUB3,SUBSTANCE USE (TERTIARY),8,PCP,"1,646",0.10%
8,SUB3,SUBSTANCE USE (TERTIARY),9,OTHER HALLUCINOGENS,"3,868",0.30%
9,SUB3,SUBSTANCE USE (TERTIARY),10,METHAMPHETAMINE,"18,867",1.30%
10,SUB3,SUBSTANCE USE (TERTIARY),11,OTHER AMPHETAMINES,"5,715",0.40%
11,SUB3,SUBSTANCE USE (TERTIARY),12,OTHER STIMULANTS,971,0.10%
12,SUB3,SUBSTANCE USE (TERTIARY),13,BENZODIAZEPINES,"27,038",1.90%
13,SUB3,SUBSTANCE USE (TERTIARY),14,OTHER NONBENZODIAZEPINE TRANQUILIZERS,381,0.00%
14,SUB3,SUBSTANCE USE (TERTIARY),15,BARBITURATES,601,0.00%
15,SUB3,SUBSTANCE USE (TERTIARY),16,OTHER NONBARBITURATE SEDATIVES OR HYPNOTICS,"1,964",0.10%
16,SUB3,SUBSTANCE USE (TERTIARY),17,INHALANTS,649,0.00%
17,SUB3,SUBSTANCE USE (TERTIARY),18,OVERTHECOUNTER MEDICATIONS,779,0.10%
18,SUB3,SUBSTANCE USE (TERTIARY),19,OTHER,"22,979",1.60%
19,SUB3,SUBSTANCE USE (TERTIARY),9,MISSING/UNKNOWN/NOT COLLECTED/INVALID,"269,499",19.00%
0,SUB3_D,SUBSTANCE USE AT DISCHARGE (TERTIARY),1,NONE,"843,019",59.40%
1,SUB3_D,SUBSTANCE USE AT DISCHARGE (TERTIARY),2,ALCOHOL,"51,055",3.60%
2,SUB3_D,SUBSTANCE USE AT DISCHARGE (TERTIARY),3,COCAINE/CRACK,"38,134",2.70%
3,SUB3_D,SUBSTANCE USE AT DISCHARGE (TERTIARY),4,MARIJUANA/HASHISH,"67,287",4.70%
4,SUB3_D,SUBSTANCE USE AT DISCHARGE (TERTIARY),5,HEROIN,"10,218",0.70%
5,SUB3_D,SUBSTANCE USE AT DISCHARGE (TERTIARY),6,NONPRESCRIPTION METHADONE,"1,011",0.10%
6,SUB3_D,SUBSTANCE USE AT DISCHARGE (TERTIARY),7,OTHER OPIATES AND SYNTHETICS,"21,195",1.50%
7,SUB3_D,SUBSTANCE USE AT DISCHARGE (TERTIARY),8,PCP,"1,367",0.10%
8,SUB3_D,SUBSTANCE USE AT DISCHARGE (TERTIARY),9,OTHER HALLUCINOGENS,"3,418",0.20%
9,SUB3_D,SUBSTANCE USE AT DISCHARGE (TERTIARY),10,METHAMPHETAMINE,"17,591",1.20%
10,SUB3_D,SUBSTANCE USE AT DISCHARGE (TERTIARY),11,OTHER AMPHETAMINES,"4,754",0.30%
11,SUB3_D,SUBSTANCE USE AT DISCHARGE (TERTIARY),12,OTHER STIMULANTS,919,0.10%
12,SUB3_D,SUBSTANCE USE AT DISCHARGE (TERTIARY),13,BENZODIAZEPINES,"21,352",1.50%
13,SUB3_D,SUBSTANCE USE AT DISCHARGE (TERTIARY),14,OTHER NONBENZODIAZEPINE TRANQUILIZERS,379,0.00%
14,SUB3_D,SUBSTANCE USE AT DISCHARGE (TERTIARY),15,BARBITURATES,550,0.00%
15,SUB3_D,SUBSTANCE USE AT DISCHARGE (TERTIARY),16,OTHER NONBARBITURATE SEDATIVES OR HYPNOTICS,"1,794",0.10%
16,SUB3_D,SUBSTANCE USE AT DISCHARGE (TERTIARY),17,INHALANTS,596,0.00%
17,SUB3_D,SUBSTANCE USE AT DISCHARGE (TERTIARY),18,OVERTHECOUNTER MEDICATIONS,692,0.00%
18,SUB3_D,SUBSTANCE USE AT DISCHARGE (TERTIARY),19,OTHER,"21,260",1.50%
19,SUB3_D,SUBSTANCE USE AT DISCHARGE (TERTIARY),9,MISSING/UNKNOWN/NOT COLLECTED/INVALID,"313,725",22.10%
0,ROUTE3,USUAL ROUTE OF ADMINISTRATION (TERTIARY),1,ORAL,"119,965",8.40%
1,ROUTE3,USUAL ROUTE OF ADMINISTRATION (TERTIARY),2,SMOKING,"133,508",9.40%
2,ROUTE3,USUAL ROUTE OF ADMINISTRATION (TERTIARY),3,INHALATION,"38,191",2.70%
3,ROUTE3,USUAL ROUTE OF ADMINISTRATION (TERTIARY),4,INJECTION (IV OR INTRAMUSCULAR),"22,793",1.60%
4,ROUTE3,USUAL ROUTE OF ADMINISTRATION (TERTIARY),5,OTHER,"3,403",0.20%
5,ROUTE3,USUAL ROUTE OF ADMINISTRATION (TERTIARY),-9,MISSING/UNKNOWN/NOT COLLECTED/INVALID,"1,102,456",77.60%
0,FREQ3,FREQUENCY OF USE AT ADMISSION (TERTIARY),1,NO USE IN THE PAST MONTH,"121,611",8.60%
1,FREQ3,FREQUENCY OF USE AT ADMISSION (TERTIARY),2,SOME USE,"100,102",7.00%
2,FREQ3,FREQUENCY OF USE AT ADMISSION (TERTIARY),3,DAILY USE,"79,359",5.60%
3,FREQ3,FREQUENCY OF USE AT ADMISSION (TERTIARY),9,MISSING/UNKNOWN/NOT COLLECTED/INVALID,"1,119,244",78.80%
0,FREQ3_D,FREQUENCY OF USE AT DISCHARGE (TERTIARY),1,NO USE IN THE PAST MONTH,"150,053",10.60%
1,FREQ3_D,FREQUENCY OF USE AT DISCHARGE (TERTIARY),2,SOME USE,"53,119",3.70%
2,FREQ3_D,FREQUENCY OF USE AT DISCHARGE (TERTIARY),3,DAILY USE,"33,980",2.40%
3,FREQ3_D,FREQUENCY OF USE AT DISCHARGE (TERTIARY),9,MISSING/UNKNOWN/NOT COLLECTED/INVALID,"1,183,164",83.30%
0,FRSTUSE3,AGE AT FIRST USE (TERTIARY),1,11 AND UNDER,"21,538",1.50%
1,FRSTUSE3,AGE AT FIRST USE (TERTIARY),2,12 TO 14 YEARS,"76,984",5.40%
2,FRSTUSE3,AGE AT FIRST USE (TERTIARY),3,15 TO 17 YEARS,"89,532",6.30%
3,FRSTUSE3,AGE AT FIRST USE (TERTIARY),4,18 TO 20 YEARS,"52,328",3.70%
4,FRSTUSE3,AGE AT FIRST USE (TERTIARY),5,21 TO 24 YEARS,"29,097",2.00%
5,FRSTUSE3,AGE AT FIRST USE (TERTIARY),6,25 TO 29 YEARS,"21,620",1.50%
6,FRSTUSE3,AGE AT FIRST USE (TERTIARY),7,30 AND OVER,"27,892",2.00%
7,FRSTUSE3,AGE AT FIRST USE (TERTIARY),-9,MISSING/UNKNOWN/NOT COLLECTED/INVALID,"1,101,325",77.50%
0,NUMSUBS,NUMBER OF SUBSTANCES REPORTED AT ADMISSION,0,0,"20,012",1.40%
1,NUMSUBS,NUMBER OF SUBSTANCES REPORTED AT ADMISSION,1,1,"599,972",42.20%
2,NUMSUBS,NUMBER OF SUBSTANCES REPORTED AT ADMISSION,2,2,"489,855",34.50%
3,NUMSUBS,NUMBER OF SUBSTANCES REPORTED AT ADMISSION,3,3,"310,477",21.90%
0,ALCFLG,ALCOHOL REPORTED AT ADMISSION,0,SUBSTANCE NOT REPORTED,"715,987",50.40%
1,ALCFLG,ALCOHOL REPORTED AT ADMISSION,1,SUBSTANCE REPORTED,"704,329",49.60%
0,COKEFLG,COCAINE/CRACK REPORTED AT ADMISSION,0,SUBSTANCE NOT REPORTED,"1,169,636",82.40%
1,COKEFLG,COCAINE/CRACK REPORTED AT ADMISSION,1,SUBSTANCE REPORTED,"250,680",17.60%
0,MARFLG,MARIJUANA/HASHISH REPORTED AT ADMISSION,0,SUBSTANCE NOT REPORTED ,"914,642",64.40%
1,MARFLG,MARIJUANA/HASHISH REPORTED AT ADMISSION,1,SUBSTANCE REPORTED,"505,674",35.60%
0,HERFLG,HEROIN REPORTED AT ADMISSION,0,SUBSTANCE NOT REPORTED,"1,014,963",71.50%
1,HERFLG,HEROIN REPORTED AT ADMISSION,1,SUBSTANCE REPORTED,"405,353",28.50%
0,METHFLG,NON-RX METHADONE REPORTED AT ADMISSION,0,SUBSTANCE NOT REPORTED,"1,412,595",99.50%
1,METHFLG,NON-RX METHADONE REPORTED AT ADMISSION,1,SUBSTANCE REPORTED,"7,721",0.50%
0,OPSYNFLG,OTHER OPIATES/SYNTHETICS REPORTED AT ADMISSION,0,SUBSTANCE NOT REPORTED,"1,218,467",85.80%
1,OPSYNFLG,OTHER OPIATES/SYNTHETICS REPORTED AT ADMISSION,1,SUBSTANCE REPORTED,"201,849",14.20%
0,PCPFLG,PCP REPORTED AT ADMISSION,0,SUBSTANCE NOT REPORTED,"1,411,726",99.40%
1,PCPFLG,PCP REPORTED AT ADMISSION,1,SUBSTANCE REPORTED,"8,590",0.60%
0,HALLFLG,OTHER HALLUCINOGENS REPORTED AT ADMISSION,0,SUBSTANCE NOT REPORTED,"1,411,339",99.40%
1,HALLFLG,OTHER HALLUCINOGENS REPORTED AT ADMISSION,1,SUBSTANCE REPORTED,"8,977",0.60%
0,MTHAMFLG,METHAMPHETAMINE REPORTED AT ADMISSION,0,SUBSTANCE NOT REPORTED,"1,190,387",83.80%
1,MTHAMFLG,METHAMPHETAMINE REPORTED AT ADMISSION,1,SUBSTANCE REPORTED,"229,929",16.20%
0,AMPHFLG,OTHER AMPHETAMINES REPORTED AT ADMISSION,0,SUBSTANCE NOT REPORTED,"1,399,740",98.60%
1,AMPHFLG,OTHER AMPHETAMINES REPORTED AT ADMISSION,1,SUBSTANCE REPORTED,"20,576",1.40%
0,STIMFLG,OTHER STIMULANTS REPORTED AT ADMISSION,0,SUBSTANCE NOT REPORTED,"1,417,040",99.80%
1,STIMFLG,OTHER STIMULANTS REPORTED AT ADMISSION,1,SUBSTANCE REPORTED,"3,276",0.20%
0,BENZFLG,BENZODIAZEPINES REPORTED AT ADMISSION,0,SUBSTANCE NOT REPORTED,"1,329,834",93.60%
1,BENZFLG,BENZODIAZEPINES REPORTED AT ADMISSION,1,SUBSTANCE REPORTED,"90,482",6.40%
0,TRNQFLG,OTHER NON-BENZODIAZEPINE TRANQUILIZERS REPORTED AT ADMISSION,0,SUBSTANCE NOT REPORTED,"1,419,155",99.90%
1,TRNQFLG,OTHER NON-BENZODIAZEPINE TRANQUILIZERS REPORTED AT ADMISSION,1,SUBSTANCE REPORTED,"1,161",0.10%
0,BARBFLG,BARBITURATES REPORTED AT ADMISSION,0,SUBSTANCE NOT REPORTED,"1,417,917",99.80%
1,BARBFLG,BARBITURATES REPORTED AT ADMISSION,1,SUBSTANCE REPORTED,"2,399",0.20%
0,SEDHPFLG,OTHER NON-BARBITURATE SEDATIVES/HYPNOTICS REPORTED AT ADMISSION,0,SUBSTANCE NOT REPORTED,"1,413,340",99.50%
1,SEDHPFLG,OTHER NON-BARBITURATE SEDATIVES/HYPNOTICS REPORTED AT ADMISSION,1,SUBSTANCE REPORTED ,"6,976",0.50%
0,INHFLG,INHALANTS REPORTED AT ADMISSION,0,SUBSTANCE NOT REPORTED,"1,418,206",99.90%
1,INHFLG,INHALANTS REPORTED AT ADMISSION,1,SUBSTANCE REPORTED,"2,110",0.10%
0,OTCFLG,OVER-THE-COUNTER MEDICATION REPORTED AT ADMISSION,0,SUBSTANCE NOT REPORTED,"1,417,619",99.80%
1,OTCFLG,OVER-THE-COUNTER MEDICATION REPORTED AT ADMISSION,1,SUBSTANCE REPORTED,"2,697",0.20%
0,OTHERFLG,OTHER DRUG REPORTED AT ADMISSION,0,SUBSTANCE NOT REPORTED,"1,361,982",95.90%
1,OTHERFLG,OTHER DRUG REPORTED AT ADMISSION,1,SUBSTANCE REPORTED,"58,334",4.10%
0,ALCDRUG,SUBSTANCE USE TYPE,0,NONE,"20,012",1.40%
1,ALCDRUG,SUBSTANCE USE TYPE,1,ALCOHOL ONLY,"259,674",18.30%
2,ALCDRUG,SUBSTANCE USE TYPE,2,OTHER DRUGS ONLY,"695,975",49.00%
3,ALCDRUG,SUBSTANCE USE TYPE,3,ALCOHOL AND OTHER DRUGS,"444,655",31.30%
0,DSMCRIT,DSM DIAGNOSIS,1,ALCOHOLINDUCED DISORDER,"3,190",0.20%
1,DSMCRIT,DSM DIAGNOSIS,2,SUBSTANCEINDUCED DISORDER,"9,189",0.60%
2,DSMCRIT,DSM DIAGNOSIS,3,ALCOHOL INTOXICATION,"17,655",1.20%
3,DSMCRIT,DSM DIAGNOSIS,4,ALCOHOL DEPENDENCE,"77,553",5.50%
4,DSMCRIT,DSM DIAGNOSIS,5,OPIOID DEPENDENCE,"84,586",6.00%
5,DSMCRIT,DSM DIAGNOSIS,6,COCAINE DEPENDENCE,"11,853",0.80%
6,DSMCRIT,DSM DIAGNOSIS,7,CANNABIS DEPENDENCE,"31,814",2.20%
7,DSMCRIT,DSM DIAGNOSIS,8,OTHER SUBSTANCE DEPENDENCE,"53,097",3.70%
8,DSMCRIT,DSM DIAGNOSIS,9,ALCOHOL ABUSE,"23,263",1.60%
9,DSMCRIT,DSM DIAGNOSIS,10,CANNABIS ABUSE,"21,643",1.50%
10,DSMCRIT,DSM DIAGNOSIS,11,OTHER SUBSTANCE ABUSE,"7,252",0.50%
11,DSMCRIT,DSM DIAGNOSIS,12,OPIOID ABUSE,"3,927",0.30%
12,DSMCRIT,DSM DIAGNOSIS,13,COCAINE ABUSE,"2,681",0.20%
13,DSMCRIT,DSM DIAGNOSIS,14,ANXIETY DISORDERS,"1,706",0.10%
14,DSMCRIT,DSM DIAGNOSIS,15,DEPRESSIVE DISORDERS,"5,254",0.40%
15,DSMCRIT,DSM DIAGNOSIS,16,SCHIZOPHRENIA/OTHER PSYCHOTIC DISORDERS,"1,279",0.10%
16,DSMCRIT,DSM DIAGNOSIS,17,BIPOLAR DISORDERS,"3,884",0.30%
17,DSMCRIT,DSM DIAGNOSIS,18,ATTENTION DEFICIT/DISRUPTIVE BEHAVIOR DISORDERS,262,0.00%
18,DSMCRIT,DSM DIAGNOSIS,19,OTHER MENTAL HEALTH CONDITION,"2,837",0.20%
19,DSMCRIT,DSM DIAGNOSIS,-9,MISSING/UNKNOWN/NOT COLLECTED/INVALID/NOOR DEFERRED DIAGNOSIS,"1,057,391",74.40%
0,PSYPROB,PSYCHIATRIC PROBLEM IN ADDITION TO ALCOHOL/DRUG PROBLEM,1,YES,"458,723",32.30%
1,PSYPROB,PSYCHIATRIC PROBLEM IN ADDITION TO ALCOHOL/DRUG PROBLEM,2,NO,"699,819",49.30%
2,PSYPROB,PSYCHIATRIC PROBLEM IN ADDITION TO ALCOHOL/DRUG PROBLEM,-9,MISSING/UNKNOWN/NOT COLLECTED/INVALID,"261,774",18.40%
0,HLTHINS,HEALTH INSURANCE,1,"PRIVATE INSURANCE, BLUE CROSS/BLUE SHIELD, HMO","64,277",4.50%
1,HLTHINS,HEALTH INSURANCE,2,MEDICAID,"194,363",13.70%
2,HLTHINS,HEALTH INSURANCE,3,"MEDICARE, OTHER (E.G. TRICARE, CHAMPUS)","60,931",4.30%
3,HLTHINS,HEALTH INSURANCE,4,NONE,"246,145",17.30%
4,HLTHINS,HEALTH INSURANCE,-9,MISSING/UNKNOWN/NOT COLLECTED/INVALID,"854,600",60.20%
0,PRIMPAY,EXPECTED/ACTUAL PRIMARY SOURCE OF PAYMENT,1,SELFPAY,"45,108",3.20%
1,PRIMPAY,EXPECTED/ACTUAL PRIMARY SOURCE OF PAYMENT,2,"PRIVATE INSURANCE (BLUE CROSS/BLUE SHIELD, OTHER HEALTH INSURANCE, WORKERS COMPENSATION)","36,900",2.60%
2,PRIMPAY,EXPECTED/ACTUAL PRIMARY SOURCE OF PAYMENT,3,MEDICARE,"4,939",0.30%
3,PRIMPAY,EXPECTED/ACTUAL PRIMARY SOURCE OF PAYMENT,4,MEDICAID,"160,087",11.30%
4,PRIMPAY,EXPECTED/ACTUAL PRIMARY SOURCE OF PAYMENT,5,OTHER GOVERNMENT PAYMENTS,"191,947",13.50%
5,PRIMPAY,EXPECTED/ACTUAL PRIMARY SOURCE OF PAYMENT,6,"NO CHARGE (FREE, CHARITY, SPECIAL RESEARCH, TEACHING)","25,422",1.80%
6,PRIMPAY,EXPECTED/ACTUAL PRIMARY SOURCE OF PAYMENT,7,OTHER,"39,138",2.80%
7,PRIMPAY,EXPECTED/ACTUAL PRIMARY SOURCE OF PAYMENT,-9,MISSING/UNKNOWN/NOT COLLECTED/INVALID,"916,775",64.50%
0,FREQ_ATND_SELF_HELP,ATTENDANCE AT SUBSTANCE USE SELF-HELP GROUPS IN PAST 30 DAYS PRIOR TO ADMISSION,1,NO ATTENDANCE,"786,542",55.40%
1,FREQ_ATND_SELF_HELP,ATTENDANCE AT SUBSTANCE USE SELF-HELP GROUPS IN PAST 30 DAYS PRIOR TO ADMISSION,2,1-3 TIMES IN THE PAST MONTH,"68,117",4.80%
2,FREQ_ATND_SELF_HELP,ATTENDANCE AT SUBSTANCE USE SELF-HELP GROUPS IN PAST 30 DAYS PRIOR TO ADMISSION,3,4-7 TIMES IN THE PAST MONTH,"48,544",3.40%
3,FREQ_ATND_SELF_HELP,ATTENDANCE AT SUBSTANCE USE SELF-HELP GROUPS IN PAST 30 DAYS PRIOR TO ADMISSION,4,830 TIMES IN THE PAST MONTH,"96,602",6.80%
4,FREQ_ATND_SELF_HELP,ATTENDANCE AT SUBSTANCE USE SELF-HELP GROUPS IN PAST 30 DAYS PRIOR TO ADMISSION,5,"SOME ATTENDANCE, FREQUENCY IS UNKNOWN","65,620",4.60%
5,FREQ_ATND_SELF_HELP,ATTENDANCE AT SUBSTANCE USE SELF-HELP GROUPS IN PAST 30 DAYS PRIOR TO ADMISSION,-9,MISSING/UNKNOWN/NOT COLLECTED/INVALID,"354,891",25.00%
0,FREQ_ATND_SELF_HELP_D,ATTENDANCE AT SUBSTANCE USE SELF-HELP GROUPS IN PAST 30 DAYS PRIOR TO DISCHARGE,1,NO ATTENDANCE,"668,625",47.10%
1,FREQ_ATND_SELF_HELP_D,ATTENDANCE AT SUBSTANCE USE SELF-HELP GROUPS IN PAST 30 DAYS PRIOR TO DISCHARGE,2,1-3 TIMES IN THE PAST MONTH,"79,064",5.60%
2,FREQ_ATND_SELF_HELP_D,ATTENDANCE AT SUBSTANCE USE SELF-HELP GROUPS IN PAST 30 DAYS PRIOR TO DISCHARGE,3,4-7 TIMES IN THE PAST MONTH,"66,957",4.70%
3,FREQ_ATND_SELF_HELP_D,ATTENDANCE AT SUBSTANCE USE SELF-HELP GROUPS IN PAST 30 DAYS PRIOR TO DISCHARGE,4,830 TIMES IN THE PAST MONTH,"157,045",11.10%
4,FREQ_ATND_SELF_HELP_D,ATTENDANCE AT SUBSTANCE USE SELF-HELP GROUPS IN PAST 30 DAYS PRIOR TO DISCHARGE,5,"SOME ATTENDANCE, FREQUENCY IS UNKNOWN","129,036",9.10%
5,FREQ_ATND_SELF_HELP_D,ATTENDANCE AT SUBSTANCE USE SELF-HELP GROUPS IN PAST 30 DAYS PRIOR TO DISCHARGE,-9,MISSING/UNKNOWN/NOT COLLECTED/INVALID,"319,589",22.50%
,ETHNIC,HISPANIC OR LATINO ORIGIN (ETHNICITY),1,PUERTO RICAN,"58,670",4.10%
,ETHNIC,HISPANIC OR LATINO ORIGIN (ETHNICITY),2,MEXICAN,"71,200",5.00%
,ETHNIC,HISPANIC OR LATINO ORIGIN (ETHNICITY),3,CUBAN OR OTHER SPECIFIC HISPANIC,"46,561",3.30%
,ETHNIC,HISPANIC OR LATINO ORIGIN (ETHNICITY),4,NOT OF HISPANIC OR LATINO ORIGIN,"1,186,532",83.50%
,ETHNIC,HISPANIC OR LATINO ORIGIN (ETHNICITY),5,"HISPANIC OR LATINO, SPECIFIC ORIGIN NOT SPECIFIED","37,096",2.60%
,ETHNIC,HISPANIC OR LATINO ORIGIN (ETHNICITY),-9,MISSING/UNKNOWN/NOT COLLECTED/INVALID,"20,257",1.40%
,IDU,CURRENT IV DRUG USE REPORTED AT ADMISSION,0,IDU NOT REPORTED,"1,054,082",74.20%
,IDU,CURRENT IV DRUG USE REPORTED AT ADMISSION,1,IDU REPORTED,"346,222",24.40%
,IDU,CURRENT IV DRUG USE REPORTED AT ADMISSION,-9,NO SUBSTANCES REPORTED,"20,012",1.40%